{
    "buttons":
    {
        "singleplayer":
        {
            "text" : "menu.singleplayer",
            "posX" : -150,
            "posY" : 72,
            "width" : 70,
            "height" : 20,
            "alinement" : "left_center",
            "action" : 
            {
                "type" : "openGui",
                "gui" : "singleplayer"
            }
        },
        
        "multiplayer":
        {
            "text" : "Play",
            "posX" : -150,
            "posY" : 48,
            "width" : 70,
            "height" : 20,
            "alinement" : "left_center",
            "action" : 
            {
                "type" : "openGui",
                "gui" : "multiplayer"
            }
        },
        
        "mods":
        {
            "text" : "fml.menu.mods",
            "posX" : -150,
            "posY" : 96,
            "width" : 70,
            "height" : 20,
            "alinement" : "left_center",
            "action" : 
            {
                "type" : "openGui",
                "gui" : "mods"
            }
        },
            
        "options":
        {
            "text" : "menu.options",
            "posX" : -150,
            "posY" : 132,
            "width" : 98,
            "height" : 20,
            "alinement" : "left_center",
            "action" : 
            {
                "type" : "openGui",
                "gui" : "options"
            }
        },
        
        "quit":
        {
            "text" : "menu.quit",
            "posX" : -150,
            "posY" : 156,
            "width" : 98,
            "height" : 20,
            "alinement" : "left_center",
            "action" : 
            {
                "type" : "quit"
            }
        }
    },
    "labels":
    {
        "mojang":
        {
            "text" : "SteveThesmart1",
            "hoverText" : "Copyright Mojang AB. Do not distribute!",
            "posX" : -197,
            "posY" : -10,
            "color" : -1,
            "alignment" : "bottom_right",
            "action" : 
            {
                "type" : "openGui",
                "gui" : "credits"
            }
        }
        
       
    },
    
    "other":
    {
        
        "panorama":
        {
            "images" : "modpack:panarama/panorama_%c.png",
            "animate" : true,
            "animationSpeed" : 1,
            "blur" : false,
            "gradient" : false
        }
    }
}